{"graph": {"_type": "graph-file", "path": "media/graph/graph_summary_24d646e2c335ca5c4fb0.graph.json", "sha256": "24d646e2c335ca5c4fb0360f8635ae64f1f2280994d3d1eba0680fc393545075", "size": 767}, "epoch": 4, "loss": 0.14819172024726868, "val_loss": 0.7967621088027954, "_runtime": 353, "_timestamp": 1680024385, "_step": 4, "best_val_loss": 0.7508547306060791, "best_epoch": 2, "_wandb": {"runtime": 330}}