{"graph": {"_type": "graph-file", "path": "media/graph/graph_summary_24d646e2c335ca5c4fb0.graph.json", "sha256": "24d646e2c335ca5c4fb0360f8635ae64f1f2280994d3d1eba0680fc393545075", "size": 767}, "epoch": 4, "loss": 0.1366634964942932, "val_loss": 0.7679650783538818, "_runtime": 247, "_timestamp": 1680453314, "_step": 4, "best_val_loss": 0.5460928082466125, "best_epoch": 1, "_wandb": {"runtime": 229}}